no,id,category,scheduled_at,image,text
1,1-1,はじめに,2026-10-05T20:00:00+09:00,https://tabinoashiato.pages.dev/lp/img/trip-top.jpg,"旅行のあと「あのお店どこだっけ…？」ってなるやつ🤔
旅の足跡なら、写真・費用・ひとことを時間ごとに残せて、一緒に行った人とみんなで書き足せるよ✍️
基本無料です🙌
#旅の足跡 #旅行記録
https://tabinoashiato.pages.dev/lp/"
2,2-1,みんなで書き足す,2026-10-07T20:00:00+09:00,,"旅行のリンクをLINEに貼るだけでOK🔗
もらった人はアプリなし・ログインなしで、そのまま見たり書き足したりできるよ👌
#旅の足跡 #家族旅行
https://tabinoashiato.pages.dev/lp/"
3,4-1,地図でふりかえる,2026-10-09T20:00:00+09:00,,"記録した場所をつないで、旅の足跡が地図の上を走り出す🗺️💨
電車は線路に沿って🚃 飛行機は空を越えて✈️ 着いた場所ではその時の写真が出てくるよ📸
#旅の足跡 #旅の思い出
https://tabinoashiato.pages.dev/lp/"
4,7-1,マイログ・旅先,2026-10-11T20:00:00+09:00,https://tabinoashiato.pages.dev/lp/img/visited.jpg,"行った都道府県が日本地図に塗られていく🗾🖍️
参加した旅行の記録から自動で集計だから入力いらず！全国制覇まであと何県？👀
#旅の足跡 #47都道府県
https://tabinoashiato.pages.dev/lp/"
5,3-1,日ごとのきろく,2026-10-12T20:00:00+09:00,https://tabinoashiato.pages.dev/lp/img/timeline.jpg,"予定ごとに写真・動画・ひとこと・費用をまとめて残せる📸🎥
並べるだけで、旅の1日がそのままアルバムに📖✨
#旅の足跡 #旅行記録"
6,5-1,まとめて取り込む,2026-10-14T20:00:00+09:00,,"航空券・ホテル予約・新幹線のきっぷのスクショを最大10枚ポイっ📱✈️🏨
AIが日付と時刻ごとの予定に分けてくれる🤖 確認して追加するだけ！
#旅の足跡 #旅行準備
https://tabinoashiato.pages.dev/lp/"
7,6-1,割り勘・精算,2026-10-16T20:00:00+09:00,https://tabinoashiato.pages.dev/lp/img/settle.jpg,"旅行の割り勘、帰ってから電卓たたいてない？🧮😵
費用ごとに「払った人」「割る人」を選んどくだけで、だれがだれにいくら払えばいいかまで出るよ💸
#旅の足跡 #割り勘
https://tabinoashiato.pages.dev/lp/"
8,4-3,地図でふりかえる,2026-10-18T20:00:00+09:00,,"ふりかえりの地図、そのまま縦長動画にできる🎬
ストーリーズやTikTokに旅のダイジェスト載せたいときにどうぞ📲
#旅の足跡 #旅行動画
https://tabinoashiato.pages.dev/lp/"
9,8-1,海外旅行,2026-10-19T20:00:00+09:00,,"海外旅行の記録で地味に困るのが時差🕐🌏
旅の足跡は地図の場所から現地時刻で並べて、時差が変わるところに区切りを入れてくれるよ✨
#旅の足跡 #海外旅行"
10,5-2,まとめて取り込む,2026-10-21T20:00:00+09:00,,"書くのめんどい日は、しゃべるだけでOK🎙️
その日あったことを話すと、話した順に予定と記録に分けて保存してくれるよ🙌
#旅の足跡"
11,3-3,日ごとのきろく,2026-10-23T20:00:00+09:00,,"行ったお店・宿・スポットに★1〜5つけられるよ⭐
一緒に行った人もそれぞれ★をつけられて、旅の中では平均点で出るの地味に楽しい😆
#旅の足跡 #グルメ記録"
12,1-3,はじめに,2026-10-25T20:00:00+09:00,,"旅の足跡でできること👇
📝 時間ごとの記録
🔗 リンクで共有
🗺️ 地図でふりかえる
💰 割り勘の精算
🌏 行った国・都道府県の集計
インストール不要、スマホでもPCでもブラウザでそのまま使えるよ📱💻
#旅の足跡
https://tabinoashiato.pages.dev/lp/"
13,2-2,みんなで書き足す,2026-10-26T20:00:00+09:00,,"写真はママのスマホ📸 お店のメモはパパ📝 感想は子ども🧒
旅の記録、1人でがんばらなくていいんです☺️ みんなの記録が1つの旅に集まっていくよ。
#旅の足跡"
14,3-2,日ごとのきろく,2026-10-28T20:00:00+09:00,https://tabinoashiato.pages.dev/lp/img/trip-top.jpg,"「この旅、結局いくらだった？」💸
費用を明細ごとに入れとけば自動で合計！旅行全体の総費用もすぐ出るよ🧮
#旅の足跡 #旅行費用"
15,7-2,マイログ・旅先,2026-10-30T20:00:00+09:00,https://tabinoashiato.pages.dev/lp/img/visited-overseas.jpg,"海外の旅先は世界地図に🌍
「アメリカ」と「アメリカ合衆国」はちゃんと1か国にまとめて、乗り継ぎで寄っただけの国は数えないよ✈️
#旅の足跡 #海外旅行"
16,4-2,地図でふりかえる,2026-11-01T20:00:00+09:00,,"「地図でふりかえる」、自分たちの旅を空から眺めてる気分になれるやつ🛰️✨
旅行から帰った夜、家族でワイワイ見るのおすすめです🏠
#旅の足跡"
17,5-4,まとめて取り込む,2026-11-02T20:00:00+09:00,,"旅先のレシート、財布にたまりがち問題🧾💦
撮るだけで品目と金額を読み取って、費用の明細に入れてくれるよ📸✨
#旅の足跡 #旅行費用"
18,6-2,割り勘・精算,2026-11-04T20:00:00+09:00,https://tabinoashiato.pages.dev/lp/img/settle.jpg,"精算は送金回数がいちばん少なくなる組み合わせで出してくれる🙆‍♂️
端数は1円・10円・100円単位で丸められるから、現金でも払いやすい💴
#旅の足跡 #割り勘"
19,2-3,みんなで書き足す,2026-11-06T20:00:00+09:00,,"「午後だけ別行動〜」もそのまま残せる🚶‍♀️🚶
予定の下に記録を分けたり、ひとりだけの道を作ったり。あとから「その人の道」に切り替えて見られるよ👀
#旅の足跡"
20,4-4,地図でふりかえる,2026-11-08T20:00:00+09:00,,"動画は日帰りなら約30秒、長い旅でも45秒以内⏱️
地名と日付は出るけど、費用や同行者の名前は入らないから安心🙆 写真を入れるかも選べるよ。
#旅の足跡"
21,8-3,海外旅行,2026-11-09T20:00:00+09:00,https://tabinoashiato.pages.dev/lp/img/visited-overseas.jpg,"乗り継ぎで寄っただけの国は「行った国」に数えないよ🛬
もし違ってたら、タップしてどの旅から入ったか見て外せる👌
#旅の足跡"
22,7-3,マイログ・旅先,2026-11-11T20:00:00+09:00,https://tabinoashiato.pages.dev/lp/img/mylog.jpg,"★をつけたごはん🍜・宿🏨・アクティビティ🎢は、旅をまたいで「飯ログ」「ほてログ」に！
自分だけに見えるから、正直な★でOK🤫
#旅の足跡 #グルメ記録"
23,5-3,まとめて取り込む,2026-11-13T20:00:00+09:00,,"メモ帳に書いた旅程、貼り付けるだけで予定にまとめて取り込めるよ📋
書いてないことは勝手に埋めないから、あとで安心して直せる👍
#旅の足跡"
24,3-4,日ごとのきろく,2026-11-15T20:00:00+09:00,https://tabinoashiato.pages.dev/lp/img/trip-top.jpg,"宿は「1〜2泊目はここ、3泊目は同上」みたいに夜ごとに整理できる🏨🌙
旅の上に宿泊先と総費用がまとまって出るから、あとで見返すときラク！
#旅の足跡"
25,6-3,割り勘・精算,2026-11-16T20:00:00+09:00,,"海外で払った分は外貨のまま入れてOK💵💶
その日のレートで円に換算して、ほかの費用とまとめて精算できるよ🌏
#旅の足跡 #海外旅行"
26,8-2,海外旅行,2026-11-18T20:00:00+09:00,,"東京→ロサンゼルスみたいに日付変更線をまたぐ旅も、地図でふりかえるとちゃんと太平洋を越えていく✈️🌊
#旅の足跡 #海外旅行"
27,9-2,料金・安心,2026-11-20T20:00:00+09:00,,"旅行の記録は、その旅のリンクを知ってる人だけが見られる仕組み🔒
リンクは一緒に行った人どうしで送り合ってね🤝
#旅の足跡"
28,9-3,料金・安心,2026-11-22T20:00:00+09:00,,"ログインがいるのは★評価とマイログのときだけ🔑
見る・書き足すだけならアカウントなしで使えるよ🙆‍♀️
#旅の足跡"
29,1-2,はじめに,2026-11-23T20:00:00+09:00,https://tabinoashiato.pages.dev/lp/img/timeline.jpg,"家族旅行の写真、カメラロールに埋もれてない？📱💦
「11:00 首里城🏯」「12:30 沖縄そば🍜」みたいに1日の流れで残しとくと、何年たっても旅をなぞれるよ✨
#旅の足跡 #家族旅行"
